{
    "bicep_curl": {
        "15": {
            "x": 0.25189336239194454,
            "y": 0.18379787025597322,
            "z": -0.9520938464659883
        },
        "18": {
            "x": -0.3499895049479448,
            "y": 0.1335236814457562,
            "z": -0.9233213922858703
        },
        "17": {
            "x": 0.2700139840678104,
            "y": 0.27944727573629047,
            "z": -1.1067491057040366
        },
        "16": {
            "x": -0.2979706314829833,
            "y": 0.03208489629049682,
            "z": -0.8051650088476318
        },
        "22": {
            "x": -0.3032147042129446,
            "y": 0.10905712844776319,
            "z": -0.8852541263140423
        },
        "20": {
            "x": -0.3303563849624153,
            "y": 0.13425301433073572,
            "z": -1.093373650596915
        },
        "23": {
            "x": 0.12505867797359052,
            "y": 0.005449062996219948,
            "z": -0.04889386759438455
        },
        "13": {
            "x": 0.27728790270070175,
            "y": -0.26854805601094356,
            "z": -0.6079011361839708
        },
        "19": {
            "x": 0.21544438495353718,
            "y": 0.28446824233099705,
            "z": -1.1933517661192152
        },
        "24": {
            "x": -0.12505867797359052,
            "y": -0.005449062996219948,
            "z": 0.04889386759438455
        },
        "14": {
            "x": -0.23595714494440304,
            "y": -0.3434556946307965,
            "z": -0.35855072496648077
        },
        "11": {
            "x": 0.2424756080955447,
            "y": -0.7546455224099278,
            "z": -0.7374667884533475
        },
        "12": {
            "x": -0.20852465376037577,
            "y": -0.7774440021134055,
            "z": -0.5327643941425095
        },
        "21": {
            "x": 0.20135771546336678,
            "y": 0.2455591201165726,
            "z": -0.9935743977830821
        }
    }
}