{
    "bicep_curl": {
        "11": {
            "x": 0.13211010071740042,
            "y": -0.9035625715819529,
            "z": -0.008996105796588126
        },
        "13": {
            "x": 0.17087198795645983,
            "y": -0.38983062568176935,
            "z": 0.26708898141355086
        },
        "21": {
            "x": 0.2513569712925504,
            "y": -0.0013933932283538267,
            "z": -0.006316522747534415
        },
        "18": {
            "x": -0.23736854625356513,
            "y": 0.1376686758168671,
            "z": -1.0260291154800871
        },
        "22": {
            "x": -0.19049645658056133,
            "y": 0.09347645881416475,
            "z": -0.9442306793961429
        },
        "19": {
            "x": 0.2747502339470201,
            "y": 0.025701459004895434,
            "z": -0.13184579978613895
        },
        "24": {
            "x": -0.0970471329215988,
            "y": 0.01148571323587997,
            "z": -0.1680831111184572
        },
        "23": {
            "x": 0.0970471329215988,
            "y": -0.01148571323587997,
            "z": 0.1680831111184572
        },
        "12": {
            "x": -0.1859063983116666,
            "y": -0.9824962549191967,
            "z": -0.6195154217403505
        },
        "14": {
            "x": -0.264529181077279,
            "y": -0.46493720853514386,
            "z": -0.6612969298381867
        },
        "16": {
            "x": -0.22713835049295056,
            "y": 0.0027657410608021653,
            "z": -0.9196284124269215
        },
        "17": {
            "x": 0.2752492734632487,
            "y": 0.03394860748501245,
            "z": -0.03656364122621362
        },
        "20": {
            "x": -0.20103766554442912,
            "y": 0.1341919368300162,
            "z": -1.0906121678326015
        },
        "15": {
            "x": 0.24370265620319168,
            "y": -0.035155364530033234,
            "z": -0.0806913746683333
        }
    }
}