{
    "bicep_curl": [
        {
            "11": {
                "x": 0.2132088925139046,
                "y": -0.6753074385631079,
                "z": -0.8053828079370356,
                "visibility": 0.9999082088470459
            },
            "12": {
                "x": -0.20573868715923832,
                "y": -0.6971045729712402,
                "z": -0.6494125270253098,
                "visibility": 0.9995695948600769
            },
            "13": {
                "x": 0.25171685912724806,
                "y": -0.20403832081990964,
                "z": -0.67318375300906,
                "visibility": 0.996246874332428
            },
            "14": {
                "x": -0.2199233513312436,
                "y": -0.2984772344646608,
                "z": -0.46537436723109166,
                "visibility": 0.9666067957878113
            },
            "15": {
                "x": 0.22570969814240327,
                "y": 0.22717901870988094,
                "z": -0.966621515447815,
                "visibility": 0.9778571128845215
            },
            "16": {
                "x": -0.28559459496389433,
                "y": 0.05881280895309406,
                "z": -0.8168586093527833,
                "visibility": 0.9477428197860718
            },
            "17": {
                "x": 0.24325067286304192,
                "y": 0.3178925569197507,
                "z": -1.1074749011536078,
                "visibility": 0.9287211894989014
            },
            "18": {
                "x": -0.3382652998476906,
                "y": 0.14988261137836328,
                "z": -0.916011021504405,
                "visibility": 0.8641262054443359
            },
            "19": {
                "x": 0.19160351468987033,
                "y": 0.32125038834016806,
                "z": -1.177569220152045,
                "visibility": 0.940049946308136
            },
            "20": {
                "x": -0.32013181882787284,
                "y": 0.15197773900012365,
                "z": -1.0794740039992687,
                "visibility": 0.8951485753059387
            },
            "21": {
                "x": 0.17517708550826502,
                "y": 0.27949979634404437,
                "z": -1.0001017967915788,
                "visibility": 0.9507078528404236
            },
            "22": {
                "x": -0.2923656428855293,
                "y": 0.12840739483117541,
                "z": -0.8918247876325989,
                "visibility": 0.9148143529891968
            },
            "23": {
                "x": 0.10931370507357036,
                "y": 0.005663409675287196,
                "z": -0.018695334227402622,
                "visibility": 0.998969316482544
            },
            "24": {
                "x": -0.10931370507357036,
                "y": -0.005663409675287196,
                "z": 0.018695334227402622,
                "visibility": 0.9978901743888855
            }
        },
        {
            "11": {
                "x": 0.25469826940981105,
                "y": -0.7849860178463147,
                "z": -0.7096073843629448,
                "visibility": 0.9998394250869751
            },
            "12": {
                "x": -0.21882871594868578,
                "y": -0.8134037058071252,
                "z": -0.4920013982504227,
                "visibility": 0.9995935559272766
            },
            "13": {
                "x": 0.29507889501173773,
                "y": -0.29404292572713553,
                "z": -0.5842084283606866,
                "visibility": 0.9905914664268494
            },
            "14": {
                "x": -0.24946292902539313,
                "y": -0.3663412599539486,
                "z": -0.34228976105127545,
                "visibility": 0.9605821967124939
            },
            "15": {
                "x": 0.2914581161137203,
                "y": 0.15774483621157684,
                "z": -0.953929688789855,
                "visibility": 0.9368209838867188
            },
            "16": {
                "x": -0.29563256940565924,
                "y": 0.01369881968152313,
                "z": -0.8381917078079524,
                "visibility": 0.9220070242881775
            },
            "17": {
                "x": 0.3123761413686978,
                "y": 0.25059906157155915,
                "z": -1.119181638448125,
                "visibility": 0.8573015332221985
            },
            "18": {
                "x": -0.3407914394692323,
                "y": 0.12216473700386893,
                "z": -0.9709184323011985,
                "visibility": 0.829330325126648
            },
            "19": {
                "x": 0.2548783524106015,
                "y": 0.2605456600398899,
                "z": -1.2143315354731417,
                "visibility": 0.8796745538711548
            },
            "20": {
                "x": -0.3192269570096216,
                "y": 0.12222026611027974,
                "z": -1.1453301540769605,
                "visibility": 0.864407479763031
            },
            "21": {
                "x": 0.24522837777651593,
                "y": 0.2191238988377645,
                "z": -1.0001216813927016,
                "visibility": 0.8968905806541443
            },
            "22": {
                "x": -0.2923885449511379,
                "y": 0.09309742878806009,
                "z": -0.9219257343250115,
                "visibility": 0.8809587359428406
            },
            "23": {
                "x": 0.13623373901312946,
                "y": 0.005804267710100334,
                "z": -0.060272823102535275,
                "visibility": 0.998105525970459
            },
            "24": {
                "x": -0.13623373901312946,
                "y": -0.005804267710100334,
                "z": 0.060272823102535275,
                "visibility": 0.9955732822418213
            }
        },
        {
            "11": {
                "x": 0.27332464553879326,
                "y": -0.8347524053752582,
                "z": -0.6122498473376076,
                "visibility": 0.999782145023346
            },
            "12": {
                "x": -0.21696655902950954,
                "y": -0.858820750140975,
                "z": -0.4501219016277914,
                "visibility": 0.999612033367157
            },
            "13": {
                "x": 0.30632937358970913,
                "y": -0.3177348235269191,
                "z": -0.471146899539089,
                "visibility": 0.9864304065704346
            },
            "14": {
                "x": -0.2579711328586636,
                "y": -0.3874754462202449,
                "z": -0.3007359501980836,
                "visibility": 0.9656845331192017
            },
            "15": {
                "x": 0.278018970694063,
                "y": 0.15285330771227462,
                "z": -0.866090279547171,
                "visibility": 0.9261478185653687
            },
            "16": {
                "x": -0.327029209111688,
                "y": 0.014790251849599655,
                "z": -0.7955188762228645,
                "visibility": 0.9499146342277527
            },
            "17": {
                "x": 0.2962996358617767,
                "y": 0.24521310048285128,
                "z": -1.0264597444370867,
                "visibility": 0.8447651267051697
            },
            "18": {
                "x": -0.38663317343905457,
                "y": 0.11770754843621903,
                "z": -0.9310487130507126,
                "visibility": 0.8823555707931519
            },
            "19": {
                "x": 0.24518196984810608,
                "y": 0.2504877064885818,
                "z": -1.1233206051280777,
                "visibility": 0.868493378162384
            },
            "20": {
                "x": -0.369352179869327,
                "y": 0.1139757999637017,
                "z": -1.107373428333952,