{
    "bicep_curl": [
        {
            "11": {
                "x": 0.12651825113681844,
                "y": -0.9519237902883909,
                "z": 0.08991855011712394,
                "visibility": 0.999778687953949
            },
            "12": {
                "x": -0.18178579965348773,
                "y": -0.9930208832257532,
                "z": -0.5526665539484935,
                "visibility": 0.9999150037765503
            },
            "13": {
                "x": 0.16635690463255334,
                "y": -0.4414533618726765,
                "z": 0.36782738637369217,
                "visibility": 0.8919962048530579
            },
            "14": {
                "x": -0.2696769324419988,
                "y": -0.47904048605759686,
                "z": -0.6127508624267267,
                "visibility": 0.9982665181159973
            },
            "15": {
                "x": 0.22983643110801572,
                "y": -0.06945605131620025,
                "z": 0.045613991097537755,
                "visibility": 0.9013676047325134
            },
            "16": {
                "x": -0.2255343556931818,
                "y": -0.03388011428061278,
                "z": -0.9059354079134542,
                "visibility": 0.9917206764221191
            },
            "17": {
                "x": 0.2752492734632487,
                "y": 0.03394860748501245,
                "z": -0.03656364122621362,
                "visibility": 0.8171171545982361
            },
            "18": {
                "x": -0.22947407002754514,
                "y": 0.10399510471611854,
                "z": -1.0246140512957944,
                "visibility": 0.9707334637641907
            },
            "19": {
                "x": 0.2747502339470201,
                "y": 0.025701459004895434,
                "z": -0.13184579978613895,
                "visibility": 0.8373833298683167
            },
            "20": {
                "x": -0.19758290724267868,
                "y": 0.09325115719504358,
                "z": -1.0997403174657905,
                "visibility": 0.9754550457000732
            },
            "21": {
                "x": 0.2513569712925504,
                "y": -0.0013933932283538267,
                "z": -0.006316522747534415,
                "visibility": 0.8649885654449463
            },
            "22": {
                "x": -0.18886388246858155,
                "y": 0.051846399189357115,
                "z": -0.9355730703600413,
                "visibility": 0.9755493998527527
            },
            "23": {
                "x": 0.10504908085558351,
                "y": -0.01596926451931423,
                "z": 0.17490598988242503,
                "visibility": 0.9951294660568237
            },
            "24": {
                "x": -0.10504908085558351,
                "y": 0.01596926451931423,
                "z": -0.17490598988242503,
                "visibility": 0.9951320886611938
            }
        },
        {
            "11": {
                "x": 0.12824640499598694,
                "y": -0.9137622882358992,
                "z": -0.04165415399155036,
                "visibility": 0.9996644258499146
            },
            "12": {
                "x": -0.18267681772488104,
                "y": -0.9615988087927552,
                "z": -0.651208087670993,
                "visibility": 0.9999030828475952
            },
            "13": {
                "x": 0.17726057226340292,
                "y": -0.38646040785664243,
                "z": 0.209000382004023,
                "visibility": 0.8741400241851807
            },
            "14": {
                "x": -0.26079599625645294,
                "y": -0.44470873702887487,
                "z": -0.691226285001446,
                "visibility": 0.997041642665863
            },
            "15": {
                "x": 0.25756888129836764,
                "y": -0.0008546777438662148,
                "z": -0.20699674043420435,
                "visibility": 0.8383868336677551
            },
            "16": {
                "x": -0.2274263879617346,
                "y": 0.013740530376516605,
                "z": -1.0292881321978085,
                "visibility": 0.9881107807159424
            },
            "18": {
                "x": -0.23759297125824283,
                "y": 0.15046925089315843,
                "z": -1.1693878373794568,
                "visibility": 0.95924311876297
            },
            "20": {
                "x": -0.19815904444424332,
                "y": 0.13951870014959467,
                "z": -1.2379446728240342,
                "visibility": 0.965213418006897
            },
            "22": {
                "x": -0.18811636116159605,
                "y": 0.10165854842295968,
                "z": -1.0592863790408589,
                "visibility": 0.9579669237136841
            },
            "23": {
                "x": 0.08965880382152341,
                "y": -0.020850369083720507,
                "z": 0.16298223387563074,
                "visibility": 0.9838212728500366
            },
            "24": {
                "x": -0.08965880382152341,
                "y": 0.020850369083720507,
                "z": -0.16298223387563074,
                "visibility": 0.9866429567337036
            }
        },
        {
            "11": {
                "x": 0.14559630847846106,
                "y": -0.908619528664021,
                "z": 0.09302957049135474,
                "visibility": 0.999908447265625
            },
            "12": {
                "x": -0.19528094317226047,
                "y": -1.0434139243576765,
                "z": -0.5255764874374035,
                "visibility": 0.9999866485595703
            },
            "13": {
                "x": 0.17929013111338216,
                "y": -0.3810633957807323,
                "z": 0.4128950461216068,
                "visibility": 0.8919786810874939
            },
            "14": {
                "x": -0.27322102424274564,
                "y": -0.4996275595458495,
                "z": -0.5547102999950815,
                "visibility": 0.996289849281311
            },
            "16": {
                "x": -0.23565686068027378,
                "y": 0.020627444567012914,
                "z": -0.7473539919309599,
                "visibility": 0.9671341180801392
            },
            "18": {
                "x": -0.24588484522175108,
                "y": 0.1630126408374326,
                "z": -0.825166189558842,
                "visibility": 0.8920897245407104
            },
            "20": {
                "x": -0.20558857736973035,
                "y": 0.16649623694040458,
                "z": -0.8829431351211493,
                "visibility": 0.9098213911056519
            },
            "22": {
                "x": -0.19568652406413475,
                "y": 0.11930987021501376,
                "z": -0.7657816529245295,
                "visibility": 0.9122076630592346
            },
            "23": {
                "x": 0.10075314852463517,
                "y": -0.00409220289162461,
                "z": 0.1792496756134898,
                "visibility": 0.9873706102371216
            },
            "24": {
                "x": -0.10075314852463517,
                "y": 0.00409220289162461,
                "z": -0.1792496756134898,
                "visibility": 0.9901190996170044
            }
        },
        {
            "11": {
                "x": 0.12807943825833523,
                "y": -0.8399446791395,
                "z": -0.1772783898032808,
                "visibility": 0.9998741149902344
            },
            "12": {
                "x": -0.18388203269603717,
                "y": -0.9319514033006013,
                "z": -0.7486105579045117,
                "visibility": 0.9999809265136719
            },
            "13": {
                "x": 0.16058034381650088,
                "y": -0.35034533721702626,