{
    "bicep_curl": [
        {
            "11": {
                "x": 0.17536486812321567,
                "y": -0.9721413023571793,
                "z": 0.012442127155992463,
                "visibility": 0.9999754428863525
            },
            "12": {
                "x": -0.15382566061997238,
                "y": -1.0197791932924996,
                "z": -0.19073627050026884,
                "visibility": 0.9999785423278809
            },
            "13": {
                "x": 0.22396443613214803,
                "y": -0.3960983621226617,
                "z": -0.31300923651566215,
                "visibility": 0.9984006285667419
            },
            "14": {
                "x": -0.2962682899365044,
                "y": -0.46082593319187554,
                "z": -0.7682219974883844,
                "visibility": 0.9999096393585205
            },
            "15": {
                "x": 0.28723013874647235,
                "y": -0.8046783260353707,
                "z": -0.928607052239863,
                "visibility": 0.9998934268951416
            },
            "16": {
                "x": -0.14291580805850346,
                "y": -0.9498653310481215,
                "z": -1.4191093353379234,
                "visibility": 0.9999792575836182
            },
            "17": {
                "x": 0.3216478338694661,
                "y": -0.9070804285339689,
                "z": -1.0411258457126786,
                "visibility": 0.9990721940994263
            },
            "18": {
                "x": -0.13315675493868614,
                "y": -1.100668728105288,
                "z": -1.5273952448421972,
                "visibility": 0.9997681975364685
            },
            "19": {
                "x": 0.3175069352247343,
                "y": -0.9654551148961327,
                "z": -0.9657534645404313,
                "visibility": 0.9988075494766235
            },
            "20": {
                "x": -0.12683383155302452,
                "y": -1.1363485947311123,
                "z": -1.4514319071091726,
                "visibility": 0.9997109770774841
            },
            "21": {
                "x": 0.30312821239012644,
                "y": -0.9295807708244642,
                "z": -0.9190960273439369,
                "visibility": 0.9991775155067444
            },
            "22": {
                "x": -0.1208262476856855,
                "y": -1.0979139811824348,
                "z": -1.4023318087899876,
                "visibility": 0.9997568726539612
            },
            "23": {
                "x": 0.10932482849128418,
                "y": -0.01614176357666566,
                "z": 0.01936317227279325,
                "visibility": 0.9976342916488647
            },
            "24": {
                "x": -0.10932482849128418,
                "y": 0.01614176357666566,
                "z": -0.01936317227279325,
                "visibility": 0.997453510761261
            }
        },
        {
            "11": {
                "x": 0.16734404368351927,
                "y": -0.967610307039114,
                "z": 0.06879486202988527,
                "visibility": 0.9998879432678223
            },
            "12": {
                "x": -0.14642841005032875,
                "y": -1.0198332500604308,
                "z": -0.29157422286304485,
                "visibility": 0.9999110698699951
            },
            "13": {
                "x": 0.2346655831785411,
                "y": -0.42325525678757325,
                "z": -0.26897354524014977,
                "visibility": 0.9979149699211121
            },
            "14": {
                "x": -0.2722484267232613,
                "y": -0.4971563294790981,
                "z": -0.8547776525035968,
                "visibility": 0.9998315572738647
            },
            "15": {
                "x": 0.2818150104593947,
                "y": -0.902758506523362,
                "z": -0.85247841498496,
                "visibility": 0.999859094619751
            },
            "16": {
                "x": -0.15131818936529384,
                "y": -1.0103773403417142,
                "z": -1.384463769962228,
                "visibility": 0.9999833106994629
            },
            "17": {
                "x": 0.30017568814566425,
                "y": -1.0239447324109374,
                "z": -0.9502020868068064,
                "visibility": 0.9990039467811584
            },
            "18": {
                "x": -0.15636449239738667,
                "y": -1.1563670383169011,
                "z": -1.4785206137378326,
                "visibility": 0.9998507499694824
            },
            "19": {
                "x": 0.29844609431886954,
                "y": -1.0688937117323252,
                "z": -0.8753601836792415,
                "visibility": 0.9987288117408752
            },
            "20": {
                "x": -0.1549131029340804,
                "y": -1.1902188372256521,
                "z": -1.4115018578267629,
                "visibility": 0.9998212456703186
            },
            "21": {
                "x": 0.2894287616246331,
                "y": -1.0251051552232069,
                "z": -0.8439993267036767,
                "visibility": 0.9991676807403564
            },
            "22": {
                "x": -0.1458131867600997,
                "y": -1.1474757754155367,
                "z": -1.3682880769346382,
                "visibility": 0.9998316764831543
            },
            "23": {
                "x": 0.1035323358402948,
                "y": -0.0128456138067648,
                "z": 0.08915096388954263,
                "visibility": 0.9992419481277466
            },
            "24": {
                "x": -0.1035323358402948,
                "y": 0.0128456138067648,
                "z": -0.08915096388954263,
                "visibility": 0.9991706609725952
            }
        },
        {
            "11": {
                "x": 0.19064251733458318,
                "y": -0.9590715399848602,
                "z": -0.03133922305315058,
                "visibility": 0.9992786049842834
            },
            "12": {
                "x": -0.17390324944082125,
                "y": -1.033701897636354,
                "z": -0.1376987112151952,
                "visibility": 0.9995434880256653
            },
            "13": {
                "x": 0.280996393781333,
                "y": -0.3563087129496884,
                "z": -0.5722927719545453,
                "visibility": 0.9966403245925903
            },
            "14": {
                "x": -0.3495764233502403,
                "y": -0.4161333769851521,
                "z": -0.644569046646132,
                "visibility": 0.9992160797119141
            },
            "15": {
                "x": 0.35468369976246117,
                "y": -0.8579214506927278,
                "z": -1.3127679006747794,
                "visibility": 0.9993528723716736
            },
            "16": {
                "x": -0.21667915764010753,
                "y": -0.9836087756860361,
                "z": -1.2409936976335254,
                "visibility": 0.9999697208404541
            },
            "17": {
                "x": 0.37153515703534873,
                "y": -1.0161567521550368,
                "z": -1.4203339006814766,
                "visibility": 0.9985591769218445
            },
            "18": {
                "x": -0.22369026847309376,
                "y": -1.1446536473755857,
                "z": -1.3152725769212499,
                "visibility": 0.9998546838760376
            },
            "19": {
                "x": 0.35590778905136916,
                "y": -1.05275273419585,
                "z": -1.3172062317948001,
                "visibility": 0.9983046054840088
            },
            "20": {
                "x": -0.215563872705955,
                "y": -1.1962369054111432,
                "z": -1.2344440784563389,