{
    "bicep_curl": [
        {
            "11": {
                "x": 0.22866318981625103,
                "y": -0.9507684655717851,
                "z": -0.5608676396142039,
                "visibility": 0.9998213648796082
            },
            "12": {
                "x": -0.23433252015528902,
                "y": -0.9434000566033645,
                "z": -0.0810774268006076,
                "visibility": 0.9998084902763367
            },
            "13": {
                "x": 0.3287997659648101,
                "y": -0.3426863713586574,
                "z": -1.0799445762443758,
                "visibility": 0.9994038343429565
            },
            "14": {
                "x": -0.2713030019968923,
                "y": -0.3848374945947818,
                "z": -0.5489992978682995,
                "visibility": 0.9959562420845032
            },
            "15": {
                "x": 0.2075365376503387,
                "y": -0.741658518575209,
                "z": -1.8538770612193556,
                "visibility": 0.9997548460960388
            },
            "16": {
                "x": -0.36269703540835246,
                "y": -0.75975354889153,
                "z": -1.7739015782445422,
                "visibility": 0.9997182488441467
            },
            "17": {
                "x": 0.17420425635893716,
                "y": -0.8290703317738571,
                "z": -2.0098577754593268,
                "visibility": 0.9980872273445129
            },
            "18": {
                "x": -0.41830636642845914,
                "y": -0.8485433856223823,
                "z": -1.9412595515852697,
                "visibility": 0.9985162615776062
            },
            "19": {
                "x": 0.18358711401491934,
                "y": -0.8857367060321344,
                "z": -1.9186088601486415,
                "visibility": 0.9978652596473694
            },
            "20": {
                "x": -0.4186954175841965,
                "y": -0.896478736827849,
                "z": -1.9282230091281267,
                "visibility": 0.9984394907951355
            },
            "21": {
                "x": 0.1830096337376087,
                "y": -0.8622524083506422,
                "z": -1.8257485354941965,
                "visibility": 0.9980408549308777
            },
            "22": {
                "x": -0.39585562379769246,
                "y": -0.8761373680753054,
                "z": -1.8022079858478677,
                "visibility": 0.9986257553100586
            },
            "23": {
                "x": 0.1272480783179778,
                "y": -0.008507212043780328,
                "z": -0.09747065752315641,
                "visibility": 0.9960470795631409
            },
            "24": {
                "x": -0.1272480783179778,
                "y": 0.008507212043780328,
                "z": 0.09747065752315641,
                "visibility": 0.9976218342781067
            }
        },
        {
            "11": {
                "x": 0.22339398112701495,
                "y": -0.9257613681617817,
                "z": -0.6202037096787952,
                "visibility": 0.9995158910751343
            },
            "12": {
                "x": -0.2593213937001286,
                "y": -0.9161304149938457,
                "z": -0.15834871641053713,
                "visibility": 0.9995802044868469
            },
            "13": {
                "x": 0.3262064418206121,
                "y": -0.30108706272483315,
                "z": -1.187951940917652,
                "visibility": 0.9980231523513794
            },
            "14": {
                "x": -0.29614187605973125,
                "y": -0.3501721910171408,
                "z": -0.6861252146447914,
                "visibility": 0.994539201259613
            },
            "15": {
                "x": 0.23527519656878484,
                "y": -0.6943703086239139,
                "z": -1.997987733472497,
                "visibility": 0.9995194673538208
            },
            "16": {
                "x": -0.37548699019749066,
                "y": -0.716438773074365,
                "z": -1.8578697414843852,
                "visibility": 0.9996458292007446
            },
            "17": {
                "x": 0.2127089808779247,
                "y": -0.7817325317311946,
                "z": -2.1549766670617556,
                "visibility": 0.9965207576751709
            },
            "18": {
                "x": -0.430288074538462,
                "y": -0.8377282027641408,
                "z": -2.009251258596952,
                "visibility": 0.9978652596473694
            },
            "19": {
                "x": 0.20942698198259166,
                "y": -0.8543478667065436,
                "z": -2.0540329109268676,
                "visibility": 0.9962320923805237
            },
            "20": {
                "x": -0.4306342123632582,
                "y": -0.8908145572880377,
                "z": -1.9833950643573057,
                "visibility": 0.9977883100509644
            },
            "21": {
                "x": 0.2093699030328899,
                "y": -0.833751729743264,
                "z": -1.965334991541545,
                "visibility": 0.996494472026825
            },
            "22": {
                "x": -0.4082937882951127,
                "y": -0.8640293033963271,
                "z": -1.8770223754229678,
                "visibility": 0.9979629516601562
            },
            "23": {
                "x": 0.13258935180498257,
                "y": -0.009402718794164178,
                "z": -0.09253469249105503,
                "visibility": 0.9937886595726013
            },
            "24": {
                "x": -0.13258935180498257,
                "y": 0.009402718794164178,
                "z": 0.09253469249105503,
                "visibility": 0.9963169097900391
            }
        },
        {
            "11": {
                "x": 0.22745007424675026,
                "y": -0.9532651068603712,
                "z": -0.540993507464765,
                "visibility": 0.999584972858429
            },
            "12": {
                "x": -0.2702475089627669,
                "y": -0.9336654262817916,
                "z": -0.1205664238170216,
                "visibility": 0.9992868304252625
            },
            "13": {
                "x": 0.34248072898897775,
                "y": -0.331604405302357,
                "z": -1.1198960086818641,
                "visibility": 0.998685896396637
            },
            "14": {
                "x": -0.3244092351362131,
                "y": -0.3664392157759172,
                "z": -0.7050425900603636,
                "visibility": 0.9944626688957214
            },
            "15": {
                "x": 0.21880514702693152,
                "y": -0.7705088866416888,
                "z": -1.8999263434930986,
                "visibility": 0.9997430443763733
            },
            "16": {
                "x": -0.36858745412497423,
                "y": -0.7952490519198182,
                "z": -1.9210621045661889,
                "visibility": 0.9996135830879211
            },
            "17": {
                "x": 0.19105010919991897,
                "y": -0.8727999365825412,
                "z": -2.059699348139391,
                "visibility": 0.9979568719863892
            },
            "18": {
                "x": -0.4104161436629376,
                "y": -0.9218402481511083,
                "z": -2.086094703847598,
                "visibility": 0.997798502445221
            },
            "19": {
                "x": 0.19298697430701997,
                "y": -0.9405233136874765,
                "z": -1.9386738059314594,
                "visibility": 0.9976524710655212
            },
            "20": {
                "x": -0.4112416286625825,
                "y": -0.9624164076186011,
                "z": -2.048503014196091,