{
    "bicep_curl": {
        "11": {
            "x": 0.17613882251264554,
            "y": -0.9664152158734922,
            "z": 0.000632395393471652
        },
        "13": {
            "x": 0.24585763305966588,
            "y": -0.38863766469774835,
            "z": -0.39539518556768327
        },
        "21": {
            "x": 0.30619780230283716,
            "y": -0.9860825700609299,
            "z": -1.0596077529105514
        },
        "18": {
            "x": -0.18227317380593994,
            "y": -1.1337356994184742,
            "z": -1.4850068367400018
        },
        "22": {
            "x": -0.1689325930831663,
            "y": -1.130218446589939,
            "z": -1.367100280309252
        },
        "19": {
            "x": 0.31925186739567263,
            "y": -1.0283409461419426,
            "z": -1.1039691496203328
        },
        "24": {
            "x": -0.11067681039994204,
            "y": 0.020301495899368797,
            "z": -0.05347979380630019
        },
        "23": {
            "x": 0.11067681039994204,
            "y": -0.020301495899368797,
            "z": 0.05347979380630019
        },
        "12": {
            "x": -0.16447375964560426,
            "y": -1.0189077939393667,
            "z": -0.23057924072737396
        },
        "14": {
            "x": -0.30990678498668445,
            "y": -0.45429429929453513,
            "z": -0.771699855453675
        },
        "16": {
            "x": -0.18059193471397064,
            "y": -0.978923234193157,
            "z": -1.38462697229466
        },
        "17": {
            "x": 0.3264152543210471,
            "y": -0.980511701179375,
            "z": -1.1834791553304282
        },
        "20": {
            "x": -0.17754686543304193,
            "y": -1.1743142360374765,
            "z": -1.413324211415674
        },
        "15": {
            "x": 0.3029287804251386,
            "y": -0.8551300638307544,
            "z": -1.070309239632841
        }
    }
}