{
    "bicep_curl": {
        "15": {
            "x": 0.23054957217653538,
            "y": -0.7531401569869105,
            "z": -1.9586153989960025
        },
        "18": {
            "x": -0.4337118196802489,
            "y": -0.8831243226291849,
            "z": -2.0491940320450754
        },
        "17": {
            "x": 0.2035374284768003,
            "y": -0.8486451659016716,
            "z": -2.120779977629882
        },
        "16": {
            "x": -0.38192276642655143,
            "y": -0.7660801738149609,
            "z": -1.8844247582233322
        },
        "22": {
            "x": -0.4109103738075631,
            "y": -0.9010678918848949,
            "z": -1.9059893915897856
        },
        "20": {
            "x": -0.4327644077783984,
            "y": -0.9290884700387262,
            "z": -2.022022167558927
        },
        "23": {
            "x": 0.13656152841439625,
            "y": -0.009894369849078764,
            "z": -0.09815767106841077
        },
        "13": {
            "x": 0.3442798776328765,
            "y": -0.3314277279245015,
            "z": -1.140042850245139
        },
        "19": {
            "x": 0.20544862867173305,
            "y": -0.913250364132019,
            "z": -2.010541162365266
        },
        "24": {
            "x": -0.13656152841439625,
            "y": 0.009894369849078764,
            "z": 0.09815767106841077
        },
        "14": {
            "x": -0.3116728409103755,
            "y": -0.3744489679240952,
            "z": -0.6428784134235357
        },
        "11": {
            "x": 0.23376971070925767,
            "y": -0.950021396905722,
            "z": -0.5589060751381076
        },
        "12": {
            "x": -0.2568865153151702,
            "y": -0.9369310010332087,
            "z": -0.09739478442324727
        },
        "21": {
            "x": 0.20356242819454207,
            "y": -0.8869745530744473,
            "z": -1.9237977433137086
        }
    }
}